artist_name,instagram_handle,last_updated,confidence
Noha,noha,2026-05-12,verified
Nada,nada.azhari,2026-05-12,verified
DJ Seinfeld,dj_seinfeld,2026-05-12,verified
Djebali,djebali,2026-05-12,verified
Yeadon,yeadonmusic,2026-05-12,verified
Iñigo Vontier,inigovontier,2026-05-12,verified
Marga Sol,margasolmusic,2026-05-12,verified
Barbuto,barbuto.official,2026-05-12,verified
Root,root_cesar,2026-05-12,verified
Soire,soiremusic,2026-05-12,verified
Moe Turk,moeturkmusic,2026-05-12,verified
Haptic,hapticau,2026-05-12,verified
Radical Fantasy,radical_fantasy_music,2026-05-12,verified
Caravaca,caravaca__,2026-05-12,verified
Michael Klein,michaelkleinberlin,2026-05-12,verified
Seumas Norv,seumasnorv,2026-05-12,verified
Di Saronno,disaronnomusic,2026-05-12,verified
Deephope,deephope_,2026-05-12,verified
Little Rick,littlerickmusic,2026-05-12,verified
RanchaTek,ranchatek,2026-05-12,verified
Filta Freqz,filtafreqz,2026-05-12,verified
Positiver,positiver303,2026-05-12,verified
Unknown Artist (Kcik),kcik_msic,2026-05-12,verified
David Gtronic,davidgtronic,2026-05-12,verified
Miroloja,miroloja,2026-05-12,verified
Chicks Luv Us,chicksluvus,2026-05-12,verified
Kamara,kamaralive,2026-05-12,verified
Pan-J,panj.music,2026-05-12,verified
Marek Hemmann,marekhemmann,2026-05-12,verified
Oravla Ziur,oravla_ziur,2026-05-12,verified
Sony Synth,sonysynth,2026-05-12,verified
Rich NxT,rich_nxt,2026-05-12,verified
Politics Of Dancing,politics_of_dancing,2026-05-12,verified
Christopher Ledger,christopher.ledger,2026-05-12,verified
Sepp,sepp.teo,2026-05-12,verified
Piero Pirupa,pieropirupa,2026-05-12,verified
FREAK ON,freakonmusic,2026-05-12,verified
Gabriele Toma,gabriele.toma_music,2026-05-12,verified
Alessio Cristiano,alessiocristiano_,2026-05-12,verified
Ucha,ucha.music,2026-05-12,verified
Yamil,yamil_music,2026-05-12,verified
NATIVA,nativa_oficial,2026-05-12,verified
Afriindi,afriindi,2026-05-12,verified
Cafe De Anatolia,cafedeanatolia,2026-05-12,verified
Miliūs,miliusofc,2026-05-12,verified
Calaido,calaido,2026-05-12,verified
Chris Arna,chrisarna.ofc,2026-05-12,verified
Kaan Çelik,kaanncc,2026-05-12,verified
Christos Fourkis,christosfourkis,2026-05-12,verified
Doug Gomez,djdouggomez,2026-05-12,verified
Alessa Khin,djolesiabond,2026-05-12,verified
Aaron Sevilla,aaronsevillamx,2026-05-12,verified
Delum,delumdj,2026-05-12,verified
Bruno Zarra,brunozarra,2026-05-12,verified
Sylva Drums,sylvadrums,2026-05-12,verified
Saliva Commandos,salivacommandos,2026-05-12,verified
DJ Fudge,djfudgeofficial,2026-05-12,verified
Alex Twin,alextwinofficial,2026-05-12,verified
Carlos Francisco,carlosfranciscomusic,2026-05-12,verified
Mijangos,andresmijangosofficial,2026-05-12,verified
KEENE,duokeene,2026-05-12,verified
Wilson Kentura,wilsonkentura,2026-05-12,verified
Jose M,josem_music,2026-05-12,verified
&lez,andlez,2026-05-12,verified
H.K.,koltercologne,2026-05-12,verified
Stogov,stogovmusic,2026-05-12,verified
Tom Novy,tomnovy,2026-05-12,verified
Thomas Stieler,thomasstieler,2026-05-12,verified
Hessa,hessa.cosmos,2026-05-12,verified
Kotelett,kotelett.music,2026-05-12,verified
Jack District,jackdistrict,2026-05-12,verified
Cesar Merveille,cesarmerveille_official,2026-05-12,verified
Mihai Popoviciu,mihai_popoviciu,2026-05-12,verified
Of Norway,ofnorwayofficial,2026-05-12,verified
Tuccillo,tuccillo_music,2026-05-12,verified
Tube & Berger,tube_and_berger,2026-05-12,verified
Kevin McKay,kevinmckay,2026-05-12,verified
Death on the Balcony,deathonthebalcony,2026-05-12,verified
Florian Kruse,floriankruse_official,2026-05-12,verified
Simone Vitullo,simonevitullo,2026-05-12,verified
Robosonic,robosonic,2026-05-12,verified
KIRIK,kirillkirik,2026-05-12,verified
JSPRV35,jsprv35,2026-05-12,verified
Phil Evans,philevans_ig,2026-05-12,verified
Jordan GCZ,jordanczamanski,2026-05-12,verified
Sleep D,sleepd93,2026-05-12,verified
Juait,juait_sk,2026-05-12,verified
Polybot,polybot.music,2026-05-12,verified
DJ Overdose,dj.overdose,2026-05-12,verified
Local Suicide,localsuicide,2026-05-12,verified
DJ Qu,dj_qu,2026-05-12,verified
Credit 00,credit_00_rat_life,2026-05-12,verified
DJ Hell,djhellofficial,2026-05-12,verified
HearThuG,hearthug_,2026-05-12,verified
Dj SHocK,https://www.instagram.com/iamdjshock/,2026-05-12,verified
ISKRA,iskra,2026-05-12,verified
Fraser Canobie,frasercanobie,2026-05-12,verified
Palmiz,palmiz,2026-05-12,verified
Paco Osuna,pacoosuna,2026-05-12,verified
Natural Goofy,naturalgoofy,2026-05-12,verified
Marko Nastic,markonastic,2026-05-12,verified
Orlando Voorn,orlandovoornofficial,2026-05-12,verified
Taleman,taleman.music,2026-05-12,verified
Luciano Scheffer,lucianoscheffer,2026-05-13,verified
P A N,panmusicofficial,2026-05-13,verified
Stojche,stojchecvetanovski,2026-05-13,verified
Mitch Oliver,mitch.oliver_dj,2026-05-13,verified
Aluria,aluriamusic,2026-05-13,verified
Waltervelt,waltervelt,2026-05-13,verified
Parissior,parissior,2026-05-13,verified
FDF (Italy),fdfdj,2026-05-13,verified
Moo Moonster,moo_moonster,2026-05-13,verified
Jens Mueller,jensmueller,2026-05-13,verified
Gabriel Padrevita,gabrielpadrevita_music,2026-05-13,verified
AnGy KoRe,angykore,2026-05-13,verified
Confidence Man,confidenceman,2026-05-13,verified
Kevin Di Serna,kevindiserna,2026-05-13,verified
Janus Rasmussen,janusrasmussen,2026-05-13,verified
Calibre,calibresignature,2026-05-13,verified
Hidden Empire,hiddenempire_music,2026-05-13,verified
Cioz,cioz_,2026-05-13,verified
Stephane Salerno,ueguagliu,2026-05-13,verified
John Beltran,johnbeltranmusic,2026-05-13,verified
Anatolian Sessions,anatoliansessions,2026-05-13,verified
HAFT,haftmusik,2026-05-13,verified
Digitalism,digitalism,2026-05-13,verified
T-Puse,tpuse_,2026-05-13,verified
Poolside,poolside,2026-05-13,verified
Dandara,dandaramusic,2026-05-13,verified
Phil Kieran,philkierandj,2026-05-13,verified
Omerar Nanda,omerarnanda,2026-05-13,verified
Beacon,beaconband,2026-05-13,verified
Kapoor,kapoor_music,2026-05-13,verified
Danny Daze,dannydaze,2026-05-13,verified
Jamie Coins,jamiecoins,2026-05-13,verified
Cheise,ilyacheise,2026-05-13,verified
Fraw,frawofficial,2026-05-13,verified
DYEN,dyen_music,2026-05-13,verified
ascendant vierge,ascendantvierge,2026-05-13,verified
Cally,djcallyofficial,2026-05-13,verified
Lisa Lashes,djlisalashes,2026-05-13,verified
Jason Cluff,jasoncluff_,2026-05-13,verified
Defekt,defekt__,2026-05-13,verified
Savage,savagerobertozanetti,2026-05-13,verified
Chaney,chaneyuk,2026-05-13,verified
Showtek,showtek,2026-05-13,verified
Faster,fasterakamaster44,2026-05-13,verified
Fergie,fergiedj,2026-05-13,verified
Taya,thereal.taya,2026-05-13,verified
Anima,shut.up.anima,2026-05-13,verified
Chrono,chronomusic,2026-05-13,verified
Blende,blende,2026-05-13,verified
Julio Victoria,juliovictoria,2026-05-13,verified
Helene Rickhard,helenerickhard,2026-05-13,verified
Matthew Dekay,matthewdekay,2026-05-13,verified
ZAINAB,zainabmusic,2026-05-13,verified
Zed Bias,zed_bias,2026-05-13,verified
Victor Ruiz,victorruiz,2026-05-13,verified
Zoe Kypri,zoekypri,2026-05-13,verified
Tony Soprano Band,tonysopranoband,2026-05-13,verified
Customer Service,customer_service,2026-05-13,verified
Reset Robot,reset_robot,2026-05-13,verified
Crystal Distortion,crystaldistortion,2026-05-13,verified
Withheld,withheld,2026-05-13,verified
Steve Bug,stevebug,2026-05-13,verified
Pablo Bolivar,pablobolivar,2026-05-13,verified
Niko Freij,niko_freij,2026-05-13,verified
Existencia Pasajera,existenciapasajera,2026-05-13,verified
Dmit Kitz,dmitkitz,2026-05-13,verified
The Vizitor,the_vizitor,2026-05-13,verified
Cristian Braga,cristianbraga,2026-05-13,verified
Hollow.,hollow,2026-05-13,verified
Robin Hastings,robinhastings,2026-05-13,verified
Digital Anarchy,digitalanarchy,2026-05-13,verified
Storah,storah,2026-05-13,verified
Double Phunq,doublephunq,2026-05-13,verified
Rico Tubbs,ricotubbs,2026-05-13,verified
Ortiz Karev,ortizkarev,2026-05-13,verified
Tigaiko,tigaiko,2026-05-13,verified
Catchy Tune,catchy_tune,2026-05-13,verified
Javi Soria,javisoria,2026-05-13,verified
Township Rebellion,township_rebellion,2026-05-13,verified
Tenderheart,tenderheart,2026-05-13,verified
Syberian,syberian,2026-05-13,verified
DJ Koze,djkoze,2026-05-13,verified
Mano Le Tough,manoletough,2026-05-13,verified
Zuma Dionys,zuma_dionys,2026-05-13,verified
Morven,morven,2026-05-13,verified
Select,iamselect,2026-05-13,verified
Rescue,rescue,2026-05-13,verified
Goldie,goldie,2026-05-13,verified
Instinct,instinct,2026-05-13,verified
Frankie Bones,frankiebones,2026-05-13,verified
AIKON,aikonmusic,2026-05-13,verified
Bonnie Spacey,bonnie_spacey,2026-05-13,verified
M0B,mob.music.br,2026-05-13,verified
white sheep,whitesheep,2026-05-13,verified
Musumeci,musumecirules,2026-05-13,verified
No Hopes,nohopes_ofc,2026-05-13,verified
Alexey Romeo,alexeyromeo,2026-05-13,verified
Kiko,kiko_officiel.fr,2026-05-13,verified
Vhyce,vhycevhyce,2026-05-13,verified
Did Virgo,didvirgo,2026-05-13,verified
Jacob (IL),jacobmusic_,2026-05-13,verified
Tronik Youth,tronikyouth,2026-05-13,verified
Kinree,kinreemusic,2026-05-13,verified
Giza Djs,gizadjs,2026-05-13,verified
Dub Pepper,dub_pepper_sound,2026-05-13,verified
Temple Tears,templetears,2026-05-13,verified
Max Freeze,maxfreeze,2026-05-13,verified
Franz Matthews,franz_matthews,2026-05-13,verified
